{
  "common": {
    "name": "connectlife-direct",
    "version": "0.0.1",
    "title": "ConnectLife (MQTT slim)",
    "titleLang": {
      "en": "ConnectLife (MQTT slim)",
      "de": "ConnectLife (MQTT slim)"
    },
    "news": {},
    "desc": {
      "en": "Ingests ConnectLife slim MQTT topics and exposes selected datapoints. Optional experimental Direct mode placeholder.",
      "de": "Liest ConnectLife slim MQTT-Themen ein und stellt ausgewählte Datenpunkte bereit. Optionaler (experimenteller) Direktmodus-Platzhalter."
    },
    "authors": [
      "Assistant <noreply@example.com>"
    ],
    "license": "MIT",
    "platform": "Javascript/Node.js",
    "mode": "daemon",
    "compact": true,
    "materialize": false,
    "icon": "connectlife.png",
    "enabled": true,
    "messagebox": false,
    "type": "household",
    "connectionType": "local",
    "dataSource": "push",
    "stopBeforeUpdate": true,
    "adminUI": {
      "config": "json"
    }
  },
  "native": {
    "dataSource": "mqtt",
    "email": "",
    "password": "",
    "regionBaseUrl": "https://api.connectlife.io",
    "pollSeconds": 60,
    "mqtt": {
      "host": "127.0.0.1",
      "port": 1883,
      "username": "",
      "password": "",
      "topicPrefix": "connectlife/slim",
      "deviceIds": []
    },
    "enabledStates": [
      "program_name",
      "program_mode",
      "remaining_minutes",
      "phase",
      "door_open",
      "salt_status",
      "rinse_status",
      "temp_unit",
      "availability",
      "name"
    ]
  },
  "objects": [],
  "instanceObjects": []
}