{
  "type": "tabs",
  "items": {
    "Verbindung": {
      "type": "panel",
      "label": "Verbindung",
      "items": {
        "dataSource": {
          "type": "select",
          "label": "Datenquelle",
          "options": [
            {
              "label": "MQTT (empfohlen)",
              "value": "mqtt"
            },
            {
              "label": "Direkt (experimentell)",
              "value": "direct"
            }
          ],
          "default": "mqtt"
        },
        "mqtt.host": {
          "type": "text",
          "label": "MQTT Host",
          "sm": 6,
          "hidden": "data.dataSource !== 'mqtt'"
        },
        "mqtt.port": {
          "type": "number",
          "label": "MQTT Port",
          "sm": 6,
          "hidden": "data.dataSource !== 'mqtt'",
          "default": 1883
        },
        "mqtt.username": {
          "type": "text",
          "label": "MQTT Benutzer",
          "hidden": "data.dataSource !== 'mqtt'"
        },
        "mqtt.password": {
          "type": "password",
          "label": "MQTT Passwort",
          "hidden": "data.dataSource !== 'mqtt'"
        },
        "mqtt.topicPrefix": {
          "type": "text",
          "label": "Topic-Präfix",
          "default": "connectlife/slim",
          "hidden": "data.dataSource !== 'mqtt'"
        },
        "mqtt.deviceIds": {
          "type": "chips",
          "label": "Geräte-IDs (optional, leer = alle)",
          "hidden": "data.dataSource !== 'mqtt'"
        },
        "email": {
          "type": "text",
          "label": "E-Mail (Direktmodus)",
          "hidden": "data.dataSource !== 'direct'"
        },
        "password": {
          "type": "password",
          "label": "Passwort (Direktmodus)",
          "hidden": "data.dataSource !== 'direct'"
        },
        "regionBaseUrl": {
          "type": "text",
          "label": "API Basis-URL (Direktmodus)",
          "default": "https://api.connectlife.io",
          "hidden": "data.dataSource !== 'direct'"
        },
        "pollSeconds": {
          "type": "number",
          "label": "Abfrageintervall (Sek.)",
          "default": 60,
          "min": 10,
          "max": 3600
        }
      }
    },
    "Datenpunkte": {
      "type": "panel",
      "label": "Datenpunkte",
      "items": {
        "enabledStates": {
          "type": "multiSelect",
          "label": "Welche Datenpunkte sollen erstellt/aktualisiert werden?",
          "options": [
            {
              "label": "Programmname",
              "value": "program_name"
            },
            {
              "label": "Programmmodus",
              "value": "program_mode"
            },
            {
              "label": "Restlaufzeit (Minuten)",
              "value": "remaining_minutes"
            },
            {
              "label": "Programmphase",
              "value": "phase"
            },
            {
              "label": "Tür offen",
              "value": "door_open"
            },
            {
              "label": "Salz OK",
              "value": "salt_status"
            },
            {
              "label": "Klarspüler OK",
              "value": "rinse_status"
            },
            {
              "label": "Temperatur-Einheit",
              "value": "temp_unit"
            },
            {
              "label": "Verfügbarkeit",
              "value": "availability"
            },
            {
              "label": "Gerätename",
              "value": "name"
            }
          ]
        }
      }
    }
  }
}