{
  "common": {
    "name": "connectlife",
    "version": "0.0.1",
    "title": "ConnectLife Adapter",
    "desc": "Adapter to fetch data from ConnectLife API",
    "authors": [
      "ChatGPT"
    ],
    "platform": "Javascript/Node.js",
    "mode": "daemon",
    "icon": "connectlife.png",
    "enabled": true,
    "extIcon": "https://raw.githubusercontent.com/ioBroker/ioBroker/master/adapter-example/admin/connectlife.png",
    "readme": "https://github.com/example/connectlife",
    "loglevel": "info",
    "type": "iot-systems",
    "compact": true,
    "connectionType": "cloud",
    "dataSource": "poll",
    "materialize": true
  },
  "native": {
    "email": "",
    "password": "",
    "region": "EU"
  },
  "objects": []
}